phone,email
504-845-1427,jbutt@gmail.com
810-374-9840,josephine_darakjy@darakjy.org
856-264-4130,art@venere.org
907-921-2010,lpaprocki@hotmail.com
513-549-4561,donette.foller@cox.net
419-800-6759,simona@morasca.com
773-924-8565,mitsue_tollner@yahoo.com
408-813-1105,leota@hotmail.com
605-794-4895,sage_wieser@cox.net
410-804-4694,kris@gmail.com
215-422-8694,minna_amigon@yahoo.com
631-677-3675,amaclead@gmail.com
310-254-3084,kiley.caldarera@aol.com
440-579-7763,gruta@cox.net
956-841-7216,calbares@gmail.com
602-953-6360,mattie@aol.com
931-235-7959,meaghan@hotmail.com
414-377-2880,gladys.rim@rim.org
313-341-4470,yuki_whobrey@aol.com
815-426-5657,fletcher.flosi@yahoo.com
610-492-4643,bette_nicka@cox.net
408-813-4592,vinouye@aol.com
972-896-4882,willard@hotmail.com
518-448-8982,mroyster@royster.com
732-635-3453,alisha@slusarski.com
715-530-9863,allene_iturbide@cox.net
913-899-1103,chanel.caudy@caudy.org
410-235-8738,ezekiel@chui.com
212-934-5167,wkusko@yahoo.com
936-597-3614,bfigeroa@aol.com
614-648-3265,ammie@corrio.com
505-335-5293,francine_vocelka@vocelka.com
201-387-9093,ernie_stenseth@aol.com
732-782-6701,albina@glick.com
212-753-2740,asergi@gmail.com
504-265-8174,solange@shinko.com
212-569-4233,jose@yahoo.com
805-609-1531,rozella.ostrosky@ostrosky.com
210-300-6244,valentine_gillian@gmail.com
785-219-7724,kati.rulapaugh@hotmail.com
541-993-2611,youlanda@aol.com
913-645-8918,doldroyd@aol.com
907-335-6568,roxane@hotmail.com
305-995-2078,lperin@perin.org
907-227-6777,erick.ferencz@aol.com
952-479-2375,fsaylors@saylors.org
617-997-5771,jina_briddick@briddick.com
323-315-7314,kanisha_waycott@yahoo.com
608-658-7940,emerson.bowley@bowley.org
215-794-4519,bmalet@yahoo.com
212-617-5063,bbolognia@yahoo.com
931-303-6041,lnestle@hotmail.com
803-681-3678,sabra@uyetake.org
610-379-7125,mmastella@mastella.com
908-470-4661,karl_klonowski@yahoo.com
516-333-4861,twenner@aol.com
215-329-6386,amber_monarrez@monarrez.org
818-749-8650,shenika@gmail.com
401-559-8961,delmy.ahle@hotmail.com
215-417-9563,deeanna_juhas@gmail.com
401-300-8122,bpugh@aol.com
732-904-2931,jamal@vanausdal.org
512-861-3814,cecily@hollack.org
303-874-5160,carmelina_lindall@lindall.com
414-573-7719,maurine_yglesias@yglesias.com
212-462-9157,tawna@gmail.com
907-873-2882,penney_weight@aol.com
814-420-3553,elly_morocco@gmail.com
410-937-4543,ilene.eroman@hotmail.com
208-737-8439,vmondella@mondella.com
415-604-7609,kallie.blackwood@gmail.com
919-715-3791,johnetta_abdallah@aol.com
650-811-9032,brhym@rhym.com
925-522-7798,micaela_rhymes@gmail.com
740-526-5410,tamar@hotmail.com
585-498-4278,moon@yahoo.com
410-957-6903,laurel_reitler@reitler.com
973-847-9611,delisa.crupi@crupi.com
773-352-3437,viva.toelkes@gmail.com
973-796-3667,elza@yahoo.com
505-950-1763,devorah@hotmail.com
718-654-7063,timothy_mulqueen@mulqueen.org
904-514-9918,ahoneywell@honeywell.com
510-901-7640,dominque.dickerson@dickerson.org
216-733-8494,lettie_isenhower@yahoo.com
817-451-3518,mmunns@cox.net
310-968-1219,stephaine@barfield.com
847-957-4614,lai.gato@gato.org
330-700-2312,stephen_emigh@hotmail.com
215-228-8264,tshields@gmail.com
650-216-5075,twardrip@cox.net
626-696-2777,cory.gibes@gmail.com
254-205-1422,danica_bruschke@gmail.com
907-914-9482,wilda@cox.net
408-440-8447,elvera.benimadho@cox.net
510-452-4835,carma@cox.net
317-472-2412,malinda.hochard@yahoo.com
307-279-3793,natalie.fern@hotmail.com
703-475-7568,lisha@centini.org